Number,expense_account,status,message
CR25020018,214102,updated,
CR25020017,214102,updated,
CR25020016,214102,updated,
CR25020015,214102,updated,
CR25020014,214102,updated,
CR25020013,214102,updated,
CR25020012,214102,updated,
CR25020011,214102,updated,
CR25020010,214102,updated,
CR25020009,214102,updated,
CR25020008,214102,updated,
CR25020007,214102,updated,
CR25020006,214102,updated,
CR25020005,214102,updated,
CR25020004,214102,updated,
CR25020003,214102,updated,
CR25020002,214102,updated,
CR25020001,214102,updated,
CR25010017,214102,updated,
CR25010016,214102,updated,
CR25010015,214102,updated,
CR25010014,214102,updated,
CR25010013,214102,updated,
CR25010012,214102,updated,
CR25010011,214102,updated,
CR25010010,214102,updated,
CR25010009,214102,updated,
CR25010008,214102,updated,
CR25010007,214102,updated,
CR25010006,214102,updated,
CR25010005,214102,updated,
CR25010004,214102,updated,
CR25010003,214102,updated,
CR25010002,214102,updated,
CR25010001,214102,updated,
CR24120046,214102,updated,
CR24120045,214102,updated,
CR24120044,214102,updated,
CR24120041,214102,updated,
CR24120040,214102,updated,
CR24120038,214102,updated,
CR24120037,214102,updated,
CR24120036,214102,updated,
CR24120035,214102,updated,
CR24120034,214102,updated,
CR24120033,214102,updated,
CR24120032,214102,updated,
CR24120031,214102,updated,
CR24120030,214102,updated,
CR24120029,214102,updated,
CR24120028,214102,updated,
CR24120027,214102,updated,
CR24120026,214102,updated,
CR24120025,214102,updated,
CR24120024,214102,updated,
CR24120023,214102,updated,
CR24120022,214102,updated,
CR24120021,214102,updated,
CR24120020,214102,updated,
CR24120019,214102,updated,
CR24120018,214102,updated,
CR24120017,214102,updated,
CR24120016,214102,updated,
CR24120015,214102,updated,
CR24120014,214102,updated,
CR24120013,214102,updated,
CR24120012,214102,updated,
CR24120011,214102,updated,
CR24120010,214102,updated,
CR24120009,214102,updated,
CR24120008,214102,updated,
CR24120007,214102,updated,
CR24120006,214102,updated,
CR24120005,214102,updated,
CR24120004,214102,updated,
CR24120003,214102,updated,
CR24120002,214102,updated,
CR24110031,214102,updated,
CR24110030,214102,updated,
CR24110029,214102,updated,
CR24110027,214102,updated,
CR24110026,214102,updated,
CR24110025,214102,updated,
CR24110024,214102,updated,
CR24110023,214102,updated,
CR24110022,214102,updated,
CR24110021,214102,updated,
CR24110020,214102,updated,
CR24110018,214102,updated,
CR24110017,214102,updated,
CR24110016,214102,updated,
CR24110015,214102,updated,
CR24110014,214102,updated,
CR24110013,214102,updated,
CR24110012,214102,updated,
CR24110011,214102,updated,
CR24110010,214102,updated,
CR24110009,214102,updated,
CR24110008,214102,updated,
CR24110007,214102,updated,
CR24110006,214102,updated,
CR24110005,214102,updated,
CR24110004,214102,updated,
CR24110003,214102,updated,
CR24110002,214102,updated,
CR24110001,214102,updated,
CR24100036,214102,updated,
CR24100035,214102,updated,
CR24100034,214102,updated,
CR24100033,214102,updated,
CR24100030,214102,updated,
CR24100029,214102,updated,
CR24100023,214102,updated,
CR24100022,214102,updated,
CR24100021,214102,updated,
CR24100020,214102,updated,
CR24100019,214102,updated,
CR24100018,214102,updated,
CR24100017,214102,updated,
CR24100016,214102,updated,
CR24100015,214102,updated,
CR24100014,214102,updated,
CR24100013,214102,updated,
CR24100012,214102,updated,
CR24100011,214102,updated,
CR24100010,214102,updated,
CR24100009,214102,updated,
CR24100008,214102,updated,
CR24100007,214102,updated,
CR24100006,214102,updated,
CR24100005,214102,updated,
CR24100004,214102,updated,
CR24100003,214102,updated,
CR24100002,214102,updated,
CR24100001,214102,updated,
CR24090053,214102,updated,
CR24090052,214102,updated,
CR24090051,214102,updated,
CR24090050,214102,updated,
CR24090049,214102,updated,
CR24090048,214102,updated,
CR24090047,214102,updated,
CR24090046,214102,updated,
CR24090045,214102,updated,
CR24090042,214102,updated,
CR24090041,214102,updated,
CR24090040,214102,updated,
CR24090035,214102,updated,
CR24090034,214102,updated,
CR24090033,214102,updated,
CR24090032,214102,updated,
CR24090031,214102,updated,
CR24090030,214102,updated,
CR24090029,214102,updated,
CR24090028,214102,updated,
CR24090027,214102,updated,
CR24090024,214102,updated,
CR24090023,214102,updated,
CR24090022,214102,updated,
CR24090021,214102,updated,
CR24090020,214102,updated,
CR24090019,214102,updated,
CR24090018,214102,updated,
CR24090017,214102,updated,
CR24090016,214102,updated,
CR24090015,214102,updated,
CR24090014,214102,updated,
CR24090013,214102,updated,
CR24090012,214102,updated,
CR24090011,214102,updated,
CR24090010,214102,updated,
CR24090009,214102,updated,
CR24090008,214102,updated,
CR24090007,214102,updated,
CR24090006,214102,updated,
CR24090005,214102,updated,
CR24090004,214102,updated,
CR24090003,214102,updated,
CR24090002,214102,updated,
CR24090001,214102,updated,
CR24080071,214102,updated,
CR24080070,214102,updated,
CR24080069,214102,updated,
CR24080068,214102,updated,
CR24080067,214102,updated,
CR24080066,214102,updated,
CR24080065,214102,updated,
CR24080064,214102,updated,
CR24080063,214102,updated,
CR24080062,214102,updated,
CR24080061,214102,updated,
CR24080060,214102,updated,
CR24080059,214102,updated,
CR24080058,214102,updated,
CR24080057,214102,updated,
CR24080056,214102,updated,
CR24080055,214102,updated,
CR24080054,214102,updated,
CR24080053,214102,updated,
CR24080052,214102,updated,
CR24080051,214102,updated,
CR24080050,214102,updated,
CR24080049,214102,updated,
CR24080048,214102,updated,
CR24080047,214102,updated,
CR24080046,214102,updated,
CR24080045,214102,updated,
CR24080044,214102,updated,
CR24080043,214102,updated,
CR24080042,214102,updated,
CR24080041,214102,updated,
CR24080040,214102,updated,
CR24080039,214102,updated,
CR24080028,214102,updated,
CR24080027,214102,updated,
CR24080026,214102,updated,
CR24080025,214102,updated,
CR24080023,214102,updated,
CR24080022,214102,updated,
CR24070080,214102,updated,
CR24070079,214102,updated,
CR24070078,214102,updated,
CR24070077,214102,updated,
CR24070076,214102,updated,
CR24070075,214102,updated,
CR24070074,214102,updated,
CR25020018,214102,updated,
CR25020017,214102,updated,
CR25020016,214102,updated,
CR25020015,214102,updated,
CR25020014,214102,updated,
CR25020013,214102,updated,
CR25020012,214102,updated,
CR25020011,214102,updated,
CR25020010,214102,updated,
CR25020009,214102,updated,
CR25020008,214102,updated,
CR25020007,214102,updated,
CR25020006,214102,updated,
CR25020005,214102,updated,
CR25020004,214102,updated,
CR25020003,214102,updated,
CR25020002,214102,updated,
CR25020001,214102,updated,
CR25010017,214102,updated,
CR25010016,214102,updated,
CR25010015,214102,updated,
CR25010014,214102,updated,
CR25010013,214102,updated,
CR25010012,214102,updated,
CR25010011,214102,updated,
CR25010010,214102,updated,
CR25010009,214102,updated,
CR25010008,214102,updated,
CR25010007,214102,updated,
CR25010006,214102,updated,
CR25010005,214102,updated,
CR25010004,214102,updated,
CR25010003,214102,updated,
CR25010002,214102,updated,
CR25010001,214102,updated,
CR24120046,214102,updated,
CR24120045,214102,updated,
CR24120044,214102,updated,
CR24120041,214102,updated,
CR24120040,214102,updated,
CR24120038,214102,updated,
CR24120037,214102,updated,
CR24120036,214102,updated,
CR24120035,214102,updated,
CR24120034,214102,updated,
CR24120033,214102,updated,
CR24120032,214102,updated,
CR24120031,214102,updated,
CR24120030,214102,updated,
CR24120029,214102,updated,
CR24120028,214102,updated,
CR24120027,214102,updated,
CR24120026,214102,updated,
CR24120025,214102,updated,
CR24120024,214102,updated,
CR24120023,214102,updated,
CR24120022,214102,updated,
CR24120021,214102,updated,
CR24120020,214102,updated,
CR24120019,214102,updated,
CR24120018,214102,updated,
CR24120017,214102,updated,
CR24120016,214102,updated,
CR24120015,214102,updated,
CR24120014,214102,updated,
CR24120013,214102,updated,
CR24120012,214102,updated,
CR24120011,214102,updated,
CR24120010,214102,updated,
CR24120009,214102,updated,
CR24120008,214102,updated,
CR24120007,214102,updated,
CR24120006,214102,updated,
CR24120005,214102,updated,
CR24120004,214102,updated,
CR24120003,214102,updated,
CR24120002,214102,updated,
CR24110031,214102,updated,
CR24110030,214102,updated,
CR24110029,214102,updated,
CR24110027,214102,updated,
CR24110026,214102,updated,
CR24110025,214102,updated,
CR24110024,214102,updated,
CR24110023,214102,updated,
CR24110022,214102,updated,
CR24110021,214102,updated,
CR24110020,214102,updated,
CR24110018,214102,updated,
CR24110017,214102,updated,
CR24110016,214102,updated,
CR24110015,214102,updated,
CR24110014,214102,updated,
CR24110013,214102,updated,
CR24110012,214102,updated,
CR24110011,214102,updated,
CR24110010,214102,updated,
CR24110009,214102,updated,
CR24110008,214102,updated,
CR24110007,214102,updated,
CR24110006,214102,updated,
CR24110005,214102,updated,
CR24110004,214102,updated,
CR24110003,214102,updated,
CR24110002,214102,updated,
CR24110001,214102,updated,
CR24100036,214102,updated,
CR24100035,214102,updated,
CR24100034,214102,updated,
CR24100033,214102,updated,
CR24100030,214102,updated,
CR24100029,214102,updated,
CR24100023,214102,updated,
CR24100022,214102,updated,
CR24100021,214102,updated,
CR24100020,214102,updated,
CR24100019,214102,updated,
CR24100018,214102,updated,
CR24100017,214102,updated,
CR24100016,214102,updated,
CR24100015,214102,updated,
CR24100014,214102,updated,
CR24100013,214102,updated,
CR24100012,214102,updated,
CR24100011,214102,updated,
CR24100010,214102,updated,
CR24100009,214102,updated,
CR24100008,214102,updated,
CR24100007,214102,updated,
CR24100006,214102,updated,
CR24100005,214102,updated,
CR24100004,214102,updated,
CR24100003,214102,updated,
CR24100002,214102,updated,
CR24100001,214102,updated,
CR24090053,214102,updated,
CR24090052,214102,updated,
CR24090051,214102,updated,
CR24090050,214102,updated,
CR24090049,214102,updated,
CR24090048,214102,updated,
CR24090047,214102,updated,
CR24090046,214102,updated,
CR24090045,214102,updated,
CR24090042,214102,updated,
CR24090041,214102,updated,
CR24090040,214102,updated,
CR24090035,214102,updated,
CR24090034,214102,updated,
CR24090033,214102,updated,
CR24090032,214102,updated,
CR24090031,214102,updated,
CR24090030,214102,updated,
CR24090029,214102,updated,
CR24090028,214102,updated,
CR24090027,214102,updated,
CR24090024,214102,updated,
CR24090023,214102,updated,
CR24090022,214102,updated,
CR24090021,214102,updated,
CR24090020,214102,updated,
CR24090019,214102,updated,
CR24090018,214102,updated,
CR24090017,214102,updated,
CR24090016,214102,updated,
CR24090015,214102,updated,
CR24090014,214102,updated,
CR24090013,214102,updated,
CR24090012,214102,updated,
CR24090011,214102,updated,
CR24090010,214102,updated,
CR24090009,214102,updated,
CR24090008,214102,updated,
CR24090007,214102,updated,
CR24090006,214102,updated,
CR24090005,214102,updated,
CR24090004,214102,updated,
CR24090003,214102,updated,
CR24090002,214102,updated,
CR24090001,214102,updated,
CR24080071,214102,updated,
CR24080070,214102,updated,
CR24080069,214102,updated,
CR24080068,214102,updated,
CR24080067,214102,updated,
CR24080066,214102,updated,
CR24080065,214102,updated,
CR24080064,214102,updated,
CR24080063,214102,updated,
CR24080062,214102,updated,
CR24080061,214102,updated,
CR24080060,214102,updated,
CR24080059,214102,updated,
CR24080058,214102,updated,
CR24080057,214102,updated,
CR24080056,214102,updated,
CR24080055,214102,updated,
CR24080054,214102,updated,
CR24080053,214102,updated,
CR24080052,214102,updated,
CR24080051,214102,updated,
CR24080050,214102,updated,
CR24080049,214102,updated,
CR24080048,214102,updated,
CR24080047,214102,updated,
CR24080046,214102,updated,
CR24080045,214102,updated,
CR24080044,214102,updated,
CR24080043,214102,updated,
CR24080042,214102,updated,
CR24080041,214102,updated,
CR24080040,214102,updated,
CR24080039,214102,updated,
CR24080028,214102,updated,
CR24080027,214102,updated,
CR24080026,214102,updated,
CR24080025,214102,updated,
CR24080023,214102,updated,
CR24080022,214102,updated,
CR24070080,214102,updated,
CR24070079,214102,updated,
CR24070078,214102,updated,
CR24070077,214102,updated,
CR24070076,214102,updated,
CR24070075,214102,updated,
CR24070074,214102,updated,
CR24070073,214102,updated,
CR24070072,214102,updated,
CR24070071,214102,updated,
CR24070070,214102,updated,
CR24070069,214102,updated,
CR24070068,214102,updated,
CR24070067,214102,updated,
CR24070065,214102,updated,
CR24070063,214102,updated,
CR24070062,214102,updated,
CR24070061,214102,updated,
CR24070054,214102,updated,
CR24070049,214102,updated,
CR24070048,214102,updated,
CR24070017,214102,updated,
CR24070016,214102,updated,
CR24070009,214102,updated,
CR24070008,214102,updated,
CR24070006,214102,updated,
CR24070005,214102,updated,
CR24070002,214102,updated,
CR24060033,214102,updated,
CR24060032,214102,updated,
CR24060026,214102,updated,
CR24060025,214102,updated,
CR24060006,214102,updated,
CR24060003,214102,updated,
CR24060002,214102,updated,
CR24060001,214102,updated,
CR24040023,214102,updated,
CR24030028,214102,updated,
CR24020033,214102,updated,
CR24020032,214102,updated,
CR24020031,214102,updated,
CR24010028,214102,updated,
CR24010001,214102,updated,
CR23120050,214102,updated,
CR23120049,214102,updated,
CR23120044,214102,updated,
CR23120031,214102,updated,
CR23110025,214102,updated,
CR23100029,214102,updated,
CR23090039,214102,updated,
CR23040031,214102,updated,
CR23040027,214102,updated,
CR22110028,214102,updated,
CR22100024,214102,updated,
CR22090031,214102,updated,
CR22090030,214102,updated,
CR22080026,214102,updated,
CR22070032,214102,updated,
CR22060036,214102,updated,
CR22050027,214102,updated,
CR22040029,214102,updated,
CR22040028,214102,updated,
CR22030036,214102,updated,
CR22030035,214102,updated,
CR22020027,214102,updated,
CR22020026,214102,updated,
CR22020025,214102,updated,
CR22020024,214102,updated,
CR18090037,214102,updated,
CR18060039,214102,updated,
CR18030032,214102,updated,
OEP6802081,214102,updated,
OEP6802080,214102,updated,
OEP6802079,214102,updated,
OEP6802078,214102,updated,
OEP6802077,214102,updated,
OEP6802076,214102,updated,
OEP6802075,214102,updated,
OEP6802074,214102,updated,
OEP6802073,214102,updated,
OEP6802072,214102,updated,
OEP6802069,214102,updated,
OEP6802068,214102,updated,
OEP6802067,214102,updated,
OEP6802065,214102,updated,
OEP6802064,214102,updated,
OEP6802063,214102,updated,
OEP6802062,214102,updated,
OEP6802058,214102,updated,
OEP6802055,214102,updated,
OEP6802052,214102,updated,
OEP6802051,214102,updated,
OEP6802047,214102,updated,
OEP6802043,214102,updated,
OEP6802041,214102,updated,
OEP6802011,214102,updated,
BOEP6802013,214102,updated,
BOEP6802012,214102,updated,
BOEP6802011,214102,updated,
BOEP6802010,214102,updated,
BOEP6802009,214102,updated,
BOEP6802008,214102,updated,
BOEP6802006,214102,updated,
BOEP6802002,214102,updated,
OEP6802066,214102,updated,
OEP6802053,214102,updated,
OEP6802049,214102,updated,
OEP6802042,214102,updated,
OEP6802054,214102,updated,
OEP6802060,214102,updated,
OEP6802056,214102,updated,
OEP6802045,214102,updated,
OEP6802039,214102,updated,
BOEP6802007,214102,updated,
OEP6802071,214102,updated,
OEP6802040,214102,updated,
OEP6802044,214102,updated,
BOEP6802004,214102,updated,
OEP6802038,214102,updated,
OEP6802029,214102,updated,
OEP6802061,214102,updated,
OEP6802050,214102,updated,
OEP6802059,214102,updated,
OEP6802025,214102,updated,
OEP6802046,214102,updated,
OEP6802057,214102,updated,
OEP6802070,214102,updated,
OEP6802017,214102,updated,
BOEP6802005,214102,updated,
OEP6802010,214102,updated,
OEP6802048,214102,updated,
OEP6801070,214102,updated,
OEP6801069,214102,updated,
OEP6801068,214102,updated,
OEP6801067,214102,updated,
OEP6801066,214102,updated,
OEP6801064,214102,updated,
OEP6801062,214102,updated,
OEP6801060,214102,updated,
OEP6801051,214102,updated,
OEP6801046,214102,updated,
OEP6801045,214102,updated,
OEP6801044,214102,updated,
BOEP6801018,214102,updated,
BOEP6801016,214102,updated,
BOEP6801010,214102,updated,
BOEP6801005,214102,updated,
OEP6801063,214102,updated,
OEP6801043,214102,updated,
OEP6801042,214102,updated,
BOEP6801017,214102,updated,
OEP6801054,214102,updated,
OEP6801065,214102,updated,
BOEP6801009,214102,updated,
OEP6801056,214102,updated,
OEP6801055,214102,updated,
OEP6801053,214102,updated,
OEP6712109,214102,updated,
OEP6712108,214102,updated,
OEP6712107,214102,updated,
OEP6712106,214102,updated,
OEP6712105,214102,updated,
OEP6712104,214102,updated,
OEP6712103,214102,updated,
OEP6712102,214102,updated,
OEP6712101,214102,updated,
OEP6712100,214102,updated,
OEP6712099,214102,updated,
OEP6712098,214102,updated,
OEP6712097,214102,updated,
OEP6712096,214102,updated,
OEP6712095,214102,updated,
OEP6712090,214102,updated,
OEP6712089,214102,updated,
OEP6712088,214102,updated,
OEP6712086,214102,updated,
OEP6712085,214102,updated,
OEP6712084,214102,updated,
OEP6712070,214102,updated,
OEP6712069,214102,updated,
OEP6712068,214102,updated,
OEP6712067,214102,updated,
OEP6712066,214102,updated,
OEP6712060,214102,updated,
OEP6712059,214102,updated,
OEP6712058,214102,updated,
OEP6712057,214102,updated,
OEP6712056,214102,updated,
BOEP6712025,214102,updated,
BOEP6712024,214102,updated,
BOEP6712021,214102,updated,
BOEP6712022,214102,updated,
OEP6712091,214102,updated,
OEP6711091,214102,updated,
OEP6711090,214102,updated,
OEP6711089,214102,updated,
OEP6711088,214102,updated,
OEP6711087,214102,updated,
OEP6711086,214102,updated,
OEP6711085,214102,updated,
OEP6711084,214102,updated,
OEP6711083,214102,updated,
OEP6711082,214102,updated,
OEP6711081,214102,updated,
OEP6711080,214102,updated,
OEP6711079,214102,updated,
OEP6711078,214102,updated,
OEP6711077,214102,updated,
OEP6711076,214102,updated,
OEP6711075,214102,updated,
OEP6711057,214102,updated,
OEP6711056,214102,updated,
OEP6711055,214102,updated,
OEP6711054,214102,updated,
OEP6711053,214102,updated,
OEP6711052,214102,updated,
OEP6711051,214102,updated,
BOEP6711025,214102,updated,
BOEP6711021,214102,updated,
BOEP6711019,214102,updated,
OEP6707023,214102,updated,
OEP6710123,214102,updated,
OEP6710122,214102,updated,
OEP6710121,214102,updated,
OEP6710120,214102,updated,
OEP6710119,214102,updated,
OEP6710118,214102,updated,
OEP6710117,214102,updated,
OEP6710116,214102,updated,
OEP6710115,214102,updated,
OEP6710114,214102,updated,
OEP6710113,214102,updated,
OEP6710112,214102,updated,
OEP6710111,214102,updated,
OEP6710110,214102,updated,
OEP6710109,214102,updated,
OEP6710108,214102,updated,
OEP6710107,214102,updated,
OEP6710106,214102,updated,
OEP6710105,214102,updated,
OEP6710104,214102,updated,
OEP6710103,214102,updated,
OEP6710102,214102,updated,
OEP6710101,214102,updated,
OEP6710100,214102,updated,
OEP6710064,214102,updated,
OEP6710063,214102,updated,
OEP6710062,214102,updated,
OEP6710061,214102,updated,
OEP6710060,214102,updated,
OEP6710059,214102,updated,
OEP6710053,214102,updated,
BOEP6710019,214102,updated,
BOEP6710014,214102,updated,
BOEP6710013,214102,updated,
OEP6710034,214102,updated,
OEP6710099,214102,updated,
OEP6710098,214102,updated,
OEP6710097,214102,updated,
OEP6709115,214102,updated,
OEP6709114,214102,updated,
OEP6709113,214102,updated,
OEP6709112,214102,updated,
OEP6709111,214102,updated,
OEP6709110,214102,updated,
OEP6709109,214102,updated,
OEP6709108,214102,updated,
OEP6709107,214102,updated,
OEP6709106,214102,updated,
OEP6709105,214102,updated,
OEP6709104,214102,updated,
OEP6709103,214102,updated,
OEP6709102,214102,updated,
OEP6709101,214102,updated,
OEP6709100,214102,updated,
OEP6709099,214102,updated,
OEP6709098,214102,updated,
OEP6709097,214102,updated,
OEP6709096,214102,updated,
OEP6709095,214102,updated,
OEP6709094,214102,updated,
OEP6709093,214102,updated,
OEP6709092,214102,updated,
OEP6709079,214102,updated,
OEP6709060,214102,updated,
OEP6709058,214102,updated,
OEP6709057,214102,updated,
OEP6709056,214102,updated,
OEP6709055,214102,updated,
OEP6709042,214102,updated,
OEP6709041,214102,updated,
OEP6709040,214102,updated,
OEP6709039,214102,updated,
OEP6709038,214102,updated,
OEP6709037,214102,updated,
BOEP6709022,214102,updated,
OEP6708086,214102,updated,
OEP6708085,214102,updated,
OEP6708084,214102,updated,
OEP6708083,214102,updated,
OEP6708082,214102,updated,
OEP6708081,214102,updated,
OEP6708080,214102,updated,
OEP6708079,214102,updated,
OEP6708078,214102,updated,
OEP6708077,214102,updated,
OEP6708076,214102,updated,
OEP6708075,214102,updated,
OEP6708074,214102,updated,
OEP6708072,214102,updated,
OEP6708071,214102,updated,
OEP6708070,214102,updated,
OEP6708069,214102,updated,
OEP6708068,214102,updated,
OEP6708067,214102,updated,
OEP6708036,214102,updated,
OEP6708035,214102,updated,
OEP6708034,214102,updated,
OEP6708031,214102,updated,
BOEP6708022,214102,updated,
BOEP6708018,214102,updated,
OEP6708087,214102,updated,
OEP6707121,214102,updated,
OEP6707120,214102,updated,
OEP6707119,214102,updated,
OEP6707118,214102,updated,
OEP6707117,214102,updated,
OEP6707116,214102,updated,
OEP6707115,214102,updated,
OEP6707114,214102,updated,
OEP6707113,214102,updated,
OEP6707112,214102,updated,
OEP6707111,214102,updated,
OEP6707110,214102,updated,
OEP6707050,214102,updated,
OEP6707049,214102,updated,
OEP6707048,214102,updated,
OEP6707044,214102,updated,
OEP6706075,214102,updated,
OEP6706074,214102,updated,
OEP6706072,214102,updated,
OEP6706071,214102,updated,
OEP6706070,214102,updated,
OEP6706069,214102,updated,
OEP6706057,214102,updated,
OEP6706038,214102,updated,
OEP6706037,214102,updated,
OEP6705039,214102,updated,
OEP6704068,214102,updated,
OEP6704067,214102,updated,
OEP6703078,214102,updated,
OEP6703077,214102,updated,
OEP6703052,214102,updated,
OEP6702073,214102,updated,
OEP6702072,214102,updated,
OEP6701076,214102,updated,
OEP6701075,214102,updated,
OEP6612046,214102,updated,
OEP6612042,214102,updated,
OEP6611053,214102,updated,
OEP6610074,214102,updated,
OEP6610049,214102,updated,
OEP6609079,214102,updated,
OEP6609064,214102,updated,
OEP6607081,214102,updated,
OEP6606042,214102,updated,
OEP6605071,214102,updated,
OEP6512096,214102,updated,
OEP6512083,214102,updated,
OEP6512080,214102,updated,
OEP6512078,214102,updated,
OEP6512077,214102,updated,
OEP6512076,214102,updated,
OEP6511064,214102,updated,
OEP6510062,214102,updated,
OEP6510061,214102,updated,
OEP6510060,214102,updated,
OEP6510059,214102,updated,
OEP6510058,214102,updated,
OEP6509086,214102,updated,
OEP6509082,214102,updated,
OEP6509038,214102,updated,
OEP6508080,214102,updated,
OEP6508048,214102,updated,
OEP6506087,214102,updated,
OEP6506067,214102,updated,
OEP6503083,214102,updated,
OEP6501065,214102,updated,
OEP6412069,214102,updated,
OEP6411068,214102,updated,
OEP6410070,214102,updated,
OEP6409070,214102,updated,
OEP6407067,214102,updated,
OEP6312097,214102,updated,
OEP6312096,214102,updated,
OEP6312085,214102,updated,
OEP6311050,214102,updated,
OEP6307037,214102,updated,
OEP6306069,214102,updated,
OEP6210085,214102,updated,
OEP6209076,214102,updated,
OEP6205108,214102,updated,
OEP6204133,214102,updated,
OEP6201106,214102,updated,
OEP6112144,214102,updated,
OEP6112137,214102,updated,
OEP6112064,214102,updated,
OEP6107114,214102,updated,
OEP6107104,214102,updated,
OEP6105060,214102,updated,
OEP6012145,214102,updated,
